<application>
  <component name="libraryTable">
    <library name="es6-promise.auto" type="javaScript">
      <properties>
        <sourceFilesUrls>
          <item url="file://$APPLICATION_CONFIG_DIR$/javascript/extLibs/http_cdn.jsdelivr.net_npm_es6-promise@4_dist_es6-promise.auto.js" />
        </sourceFilesUrls>
      </properties>
      <CLASSES>
        <root url="file://$APPLICATION_CONFIG_DIR$/javascript/extLibs/http_cdn.jsdelivr.net_npm_es6-promise@4_dist_es6-promise.auto.js" />
      </CLASSES>
      <SOURCES />
    </library>
    <library name="index.full" type="javaScript">
      <properties>
        <sourceFilesUrls>
          <item url="file://$APPLICATION_CONFIG_DIR$/javascript/extLibs/http_unpkg.com_element-plus_lib_index.full.js" />
        </sourceFilesUrls>
      </properties>
      <CLASSES>
        <root url="file://$APPLICATION_CONFIG_DIR$/javascript/extLibs/http_unpkg.com_element-plus_lib_index.full.js" />
      </CLASSES>
      <SOURCES />
    </library>
  </component>
</application>