<application>
  <component name="ProjectManager">
    <defaultProject>
      <component name="ComposerSettings">
        <execution>
          <executable />
        </execution>
      </component>
      <component name="PropertiesComponent">
        <property name="last_opened_file_path" value="E:/MyWork/TEST" />
        <property name="settings.editor.selected.configurable" value="configurable.group.appearance" />
      </component>
      <component name="RunDashboard">
        <option name="ruleStates">
          <list>
            <RuleState>
              <option name="name" value="ConfigurationTypeDashboardGroupingRule" />
            </RuleState>
            <RuleState>
              <option name="name" value="StatusDashboardGroupingRule" />
            </RuleState>
          </list>
        </option>
      </component>
      <component name="SvnConfiguration">
        <configuration>C:\Users\haichen\AppData\Roaming\Subversion</configuration>
      </component>
      <component name="masterDetails">
        <states>
          <state key="ScopeChooserConfigurable.UI">
            <settings>
              <splitter-proportions>
                <option name="proportions">
                  <list>
                    <option value="0.2" />
                  </list>
                </option>
              </splitter-proportions>
            </settings>
          </state>
        </states>
      </component>
    </defaultProject>
  </component>
</application>